<beans xmlns="http://www.springframework.org/schema/beans"
	xmlns:context="http://www.springframework.org/schema/context"
	xmlns:tx="http://www.springframework.org/schema/tx"
	xsi:schemaLocation="http://www.springframework.org/schema/beans
                           http://www.springframework.org/schema/beans/spring-beans.xsd
                           http://www.springframework.org/schema/context
                           http://www.springframework.org/schema/context/spring-context.xsd
                           http://www.springframework.org/schema/tx
        http://www.springframework.org/schema/tx/spring-tx-3.0.xsd"
	xmlns:xsi="http://www.w3.org/2001/XMLSchema-instance">

	<context:component-scan
		base-package="com.bitlabs" />

	<tx:annotation-driven />


	<bean
		class="org.springframework.web.servlet.view.InternalResourceViewResolver"
		name="viewResolver">

		<property name="prefix" value="/WEB-INF/views/" />
		<property name="suffix" value=".jsp" />

	</bean>

	<bean name="dataSource"
		class="org.springframework.jdbc.datasource.DriverManagerDataSource">
		<property name="driverClassName"
			value="com.mysql.jdbc.Driver" />
		<property name="url"
			value="jdbc:mysql://localhost:3306/spring" />
		<property name="username" value="root" />
		<property name="password" value="root" />
	</bean>
	<bean name="sessionFactory"
		class="org.springframework.orm.hibernate5.LocalSessionFactoryBean">
		<property name="dataSource" ref="dataSource" />
		<property name="hibernateProperties">
			<props>
				<prop key="hibernate.dialect">org.hibernate.dialect.MySQL5Dialect</prop>
				<prop key="hibernate.show_sql">true</prop>
				<prop key="hibernate.format_sql">true</prop>
				<prop key="hibernate.hbm2ddl.auto">update</prop>
			</props>
		</property>
		<property name="annotatedClasses">
			<list>
				<value>com.entity.springMvcModel.Userclass</value>
			</list>
		</property>
	</bean>

	<bean name="transactionManager"
		class="org.springframework.orm.hibernate5.HibernateTransactionManager">
		<property name="sessionFactory" ref="sessionFactory" />
	</bean>

	<bean name="hibernateTemplate"
		class="org.springframework.orm.hibernate5.HibernateTemplate">
		<property name="sessionFactory" ref="sessionFactory" />
	</bean>


</beans>